{
    "accuracy": 0.9251256281407035,
    "recall": 0.7142857142857143,
    "f1_score": 0.7704160246533128,
    "roc_auc": 0.9141062717770035,
    "total_points": 1990,
    "anomalies_detected": 299
}